-- ========================================================
-- 1. เคลียร์ตารางเดิมทั้งหมด (ป้องกัน Error ซ้ำซ้อน)
-- ========================================================
SET FOREIGN_KEY_CHECKS = 0;
DROP TABLE IF EXISTS repair_items;
DROP TABLE IF EXISTS repair_images;
DROP TABLE IF EXISTS repair_requests;
DROP TABLE IF EXISTS repair_items_master;
DROP TABLE IF EXISTS students;
DROP TABLE IF EXISTS staff;
DROP TABLE IF EXISTS rooms;
DROP TABLE IF EXISTS dorms;
DROP PROCEDURE IF EXISTS AutoGenerateDormRooms;
SET FOREIGN_KEY_CHECKS = 1;

-- ========================================================
-- 2. สร้างตารางฐานข้อมูลทั้งหมด (Database Schema)
-- ========================================================

-- 2.1 ตารางอาคารหอพัก (เพิ่มประเภท หอชาย/หญิง/รวม)
CREATE TABLE dorms (
    id INT AUTO_INCREMENT PRIMARY KEY,
    name VARCHAR(100) NOT NULL,
    dorm_type ENUM('หอพักชาย', 'หอพักหญิง', 'หอพักรวม') NOT NULL,
    created_at TIMESTAMP DEFAULT CURRENT_TIMESTAMP
) ENGINE=InnoDB DEFAULT CHARSET=utf8mb4 COLLATE=utf8mb4_unicode_ci;

-- 2.2 ตารางห้องพัก
CREATE TABLE rooms (
    id INT AUTO_INCREMENT PRIMARY KEY,
    dorm_id INT NOT NULL,
    room_number VARCHAR(10) NOT NULL,
    status VARCHAR(50) DEFAULT 'พร้อมใช้งาน',
    FOREIGN KEY (dorm_id) REFERENCES dorms(id) ON DELETE CASCADE
) ENGINE=InnoDB DEFAULT CHARSET=utf8mb4 COLLATE=utf8mb4_unicode_ci;

-- 2.3 ตารางข้อมูลนักศึกษา (ผูกบัญชี LINE)
CREATE TABLE students (
    student_id VARCHAR(20) PRIMARY KEY,
    name VARCHAR(150) NOT NULL,
    phone VARCHAR(20) NOT NULL,
    room_id INT NOT NULL,
    line_uid VARCHAR(100) UNIQUE DEFAULT NULL,
    line_profile_img VARCHAR(255) DEFAULT NULL,
    updated_at TIMESTAMP DEFAULT CURRENT_TIMESTAMP ON UPDATE CURRENT_TIMESTAMP,
    FOREIGN KEY (room_id) REFERENCES rooms(id) ON DELETE RESTRICT
) ENGINE=InnoDB DEFAULT CHARSET=utf8mb4 COLLATE=utf8mb4_unicode_ci;

-- 2.4 ตารางรายการอุปกรณ์ (Master Data)
CREATE TABLE repair_items_master (
    id INT AUTO_INCREMENT PRIMARY KEY,
    category ENUM('ประปา', 'ไฟฟ้า', 'ซ่อมสร้าง') NOT NULL,
    item_name VARCHAR(150) NOT NULL,
    require_quantity TINYINT(1) DEFAULT 0, 
    is_active TINYINT(1) DEFAULT 1,       
    created_at TIMESTAMP DEFAULT CURRENT_TIMESTAMP
) ENGINE=InnoDB DEFAULT CHARSET=utf8mb4 COLLATE=utf8mb4_unicode_ci;

-- 2.5 ตารางเจ้าหน้าที่และช่าง
CREATE TABLE staff (
    id INT AUTO_INCREMENT PRIMARY KEY,
    username VARCHAR(50) UNIQUE DEFAULT NULL,
    password VARCHAR(255) DEFAULT NULL,    
    line_uid VARCHAR(100) UNIQUE DEFAULT NULL,
    name VARCHAR(150) NOT NULL,
    phone VARCHAR(20) DEFAULT NULL,
    role ENUM('admin', 'technician') NOT NULL,
    specialty ENUM('ประปา', 'ไฟฟ้า', 'ซ่อมสร้าง', 'ทั้งหมด') DEFAULT 'ทั้งหมด',
    status ENUM('active', 'inactive') DEFAULT 'active',
    created_at TIMESTAMP DEFAULT CURRENT_TIMESTAMP
) ENGINE=InnoDB DEFAULT CHARSET=utf8mb4 COLLATE=utf8mb4_unicode_ci;

-- 2.6 ตารางใบงานแจ้งซ่อมหลัก
CREATE TABLE repair_requests (
    id INT AUTO_INCREMENT PRIMARY KEY,
    ticket_id VARCHAR(20) NOT NULL UNIQUE,     
    room_id INT NOT NULL,                      
    student_id VARCHAR(20) DEFAULT NULL,       
    reporter_type ENUM('student', 'admin', 'other') DEFAULT 'student',
    reporter_name VARCHAR(150) NOT NULL,       
    reporter_phone VARCHAR(20) DEFAULT NULL,   
    additional_details TEXT,                   
    status VARCHAR(50) DEFAULT 'รอดำเนินการ',     
    created_at TIMESTAMP DEFAULT CURRENT_TIMESTAMP,
    FOREIGN KEY (room_id) REFERENCES rooms(id),
    FOREIGN KEY (student_id) REFERENCES students(student_id)
) ENGINE=InnoDB DEFAULT CHARSET=utf8mb4 COLLATE=utf8mb4_unicode_ci;

-- 2.7 ตารางเก็บรูปภาพงานซ่อม
CREATE TABLE repair_images (
    id INT AUTO_INCREMENT PRIMARY KEY,
    request_id INT NOT NULL,
    image_url VARCHAR(255) NOT NULL,           
    uploaded_at TIMESTAMP DEFAULT CURRENT_TIMESTAMP,
    FOREIGN KEY (request_id) REFERENCES repair_requests(id) ON DELETE CASCADE
) ENGINE=InnoDB DEFAULT CHARSET=utf8mb4 COLLATE=utf8mb4_unicode_ci;

-- 2.8 ตารางแยกรายการซ่อมรายชิ้น
CREATE TABLE repair_items (
    id INT AUTO_INCREMENT PRIMARY KEY,
    request_id INT NOT NULL,
    item_master_id INT NOT NULL,
    quantity INT DEFAULT 1,
    status VARCHAR(50) DEFAULT 'รอดำเนินการ',     
    FOREIGN KEY (request_id) REFERENCES repair_requests(id) ON DELETE CASCADE,
    FOREIGN KEY (item_master_id) REFERENCES repair_items_master(id)
) ENGINE=InnoDB DEFAULT CHARSET=utf8mb4 COLLATE=utf8mb4_unicode_ci;

-- ติดตามการเปลี่ยนสถานะรายการอุปกรณ์
CREATE TABLE repair_item_logs (
    id INT AUTO_INCREMENT PRIMARY KEY,
    item_id INT NOT NULL,
    request_id INT NOT NULL,
    item_name VARCHAR(150) NOT NULL,
    old_status VARCHAR(50) DEFAULT NULL,
    new_status VARCHAR(50) NOT NULL,
    staff_id INT NOT NULL,
    staff_name VARCHAR(150) NOT NULL,
    changed_at TIMESTAMP DEFAULT CURRENT_TIMESTAMP,
    FOREIGN KEY (item_id) REFERENCES repair_items(id) ON DELETE CASCADE,
    FOREIGN KEY (request_id) REFERENCES repair_requests(id) ON DELETE CASCADE
) ENGINE=InnoDB DEFAULT CHARSET=utf8mb4 COLLATE=utf8mb4_unicode_ci;

-- ติดตามการเปลี่ยนสถานะใบงานหลัก
CREATE TABLE repair_request_logs (
    id INT AUTO_INCREMENT PRIMARY KEY,
    request_id INT NOT NULL,
    old_status VARCHAR(50) DEFAULT NULL,
    new_status VARCHAR(50) NOT NULL,
    staff_id INT NOT NULL,
    staff_name VARCHAR(150) NOT NULL,
    changed_at TIMESTAMP DEFAULT CURRENT_TIMESTAMP,
    FOREIGN KEY (request_id) REFERENCES repair_requests(id) ON DELETE CASCADE
) ENGINE=InnoDB DEFAULT CHARSET=utf8mb4 COLLATE=utf8mb4_unicode_ci;


-- ========================================================
-- 3. นำเข้าข้อมูลตึกหอพัก
-- ========================================================
INSERT INTO dorms (id, name, dorm_type) VALUES 
(1, 'หอพักราชพฤกษ์ 1', 'หอพักหญิง'),
(2, 'หอพักราชพฤกษ์ 3', 'หอพักชาย'),
(3, 'หอพักราชพฤกษ์ 4', 'หอพักรวม'),
(4, 'หอพักราชพฤกษ์ 6', 'หอพักหญิง'),
(5, 'หอพักราชพฤกษ์ 7', 'หอพักหญิง'),
(6, 'หอพักราชพฤกษ์ 8', 'หอพักหญิง'),
(7, 'หอพักราชพฤกษ์ 9', 'หอพักชาย');


-- ========================================================
-- 4. สคริปต์ลูปสร้างห้องพักทั้งหมด (Stored Procedure)
-- ========================================================
DELIMITER $$
CREATE PROCEDURE AutoGenerateDormRooms()
BEGIN
    DECLARE i INT;

    -- [ตึกที่ 1] หอพักราชพฤกษ์ 1 (dorm_id = 1)
    SET i = 1101; WHILE i <= 1126 DO INSERT INTO rooms (dorm_id, room_number) VALUES (1, CAST(i AS CHAR)); SET i = i + 1; END WHILE;
    SET i = 1201; WHILE i <= 1231 DO INSERT INTO rooms (dorm_id, room_number) VALUES (1, CAST(i AS CHAR)); SET i = i + 1; END WHILE;
    SET i = 1301; WHILE i <= 1331 DO INSERT INTO rooms (dorm_id, room_number) VALUES (1, CAST(i AS CHAR)); SET i = i + 1; END WHILE;
    SET i = 1401; WHILE i <= 1431 DO INSERT INTO rooms (dorm_id, room_number) VALUES (1, CAST(i AS CHAR)); SET i = i + 1; END WHILE;

    -- [ตึกที่ 2] หอพักราชพฤกษ์ 3 (dorm_id = 2)
    SET i = 3101; WHILE i <= 3113 DO INSERT INTO rooms (dorm_id, room_number) VALUES (2, CAST(i AS CHAR)); SET i = i + 1; END WHILE;
    SET i = 3201; WHILE i <= 3231 DO INSERT INTO rooms (dorm_id, room_number) VALUES (2, CAST(i AS CHAR)); SET i = i + 1; END WHILE;
    SET i = 3301; WHILE i <= 3331 DO INSERT INTO rooms (dorm_id, room_number) VALUES (2, CAST(i AS CHAR)); SET i = i + 1; END WHILE;
    SET i = 3401; WHILE i <= 3431 DO INSERT INTO rooms (dorm_id, room_number) VALUES (2, CAST(i AS CHAR)); SET i = i + 1; END WHILE;

    -- [ตึกที่ 3] หอพักราชพฤกษ์ 4 (dorm_id = 3)
    SET i = 4101; WHILE i <= 4111 DO INSERT INTO rooms (dorm_id, room_number) VALUES (3, CAST(i AS CHAR)); SET i = i + 1; END WHILE;
    SET i = 4201; WHILE i <= 4222 DO INSERT INTO rooms (dorm_id, room_number) VALUES (3, CAST(i AS CHAR)); SET i = i + 1; END WHILE;
    SET i = 4301; WHILE i <= 4322 DO INSERT INTO rooms (dorm_id, room_number) VALUES (3, CAST(i AS CHAR)); SET i = i + 1; END WHILE;
    SET i = 4401; WHILE i <= 4422 DO INSERT INTO rooms (dorm_id, room_number) VALUES (3, CAST(i AS CHAR)); SET i = i + 1; END WHILE;

    -- [ตึกที่ 4] หอพักราชพฤกษ์ 6 (dorm_id = 4)
    SET i = 6101; WHILE i <= 6114 DO INSERT INTO rooms (dorm_id, room_number) VALUES (4, CAST(i AS CHAR)); SET i = i + 1; END WHILE;
    SET i = 6201; WHILE i <= 6227 DO INSERT INTO rooms (dorm_id, room_number) VALUES (4, CAST(i AS CHAR)); SET i = i + 1; END WHILE;
    SET i = 6301; WHILE i <= 6327 DO INSERT INTO rooms (dorm_id, room_number) VALUES (4, CAST(i AS CHAR)); SET i = i + 1; END WHILE;
    SET i = 6401; WHILE i <= 6427 DO INSERT INTO rooms (dorm_id, room_number) VALUES (4, CAST(i AS CHAR)); SET i = i + 1; END WHILE;

    -- [ตึกที่ 5] หอพักราชพฤกษ์ 7 (dorm_id = 5)
    SET i = 7101; WHILE i <= 7114 DO INSERT INTO rooms (dorm_id, room_number) VALUES (5, CAST(i AS CHAR)); SET i = i + 1; END WHILE;
    SET i = 7201; WHILE i <= 7227 DO INSERT INTO rooms (dorm_id, room_number) VALUES (5, CAST(i AS CHAR)); SET i = i + 1; END WHILE;
    SET i = 7301; WHILE i <= 7327 DO INSERT INTO rooms (dorm_id, room_number) VALUES (5, CAST(i AS CHAR)); SET i = i + 1; END WHILE;
    SET i = 7401; WHILE i <= 7427 DO INSERT INTO rooms (dorm_id, room_number) VALUES (5, CAST(i AS CHAR)); SET i = i + 1; END WHILE;

    -- [ตึกที่ 6] หอพักราชพฤกษ์ 8 (dorm_id = 6)
    SET i = 8101; WHILE i <= 8114 DO INSERT INTO rooms (dorm_id, room_number) VALUES (6, CAST(i AS CHAR)); SET i = i + 1; END WHILE;
    SET i = 8201; WHILE i <= 8227 DO INSERT INTO rooms (dorm_id, room_number) VALUES (6, CAST(i AS CHAR)); SET i = i + 1; END WHILE;
    SET i = 8301; WHILE i <= 8327 DO INSERT INTO rooms (dorm_id, room_number) VALUES (6, CAST(i AS CHAR)); SET i = i + 1; END WHILE;
    SET i = 8401; WHILE i <= 8427 DO INSERT INTO rooms (dorm_id, room_number) VALUES (6, CAST(i AS CHAR)); SET i = i + 1; END WHILE;

    -- [ตึกที่ 7] หอพักราชพฤกษ์ 9 (dorm_id = 7)
    SET i = 9101; WHILE i <= 9114 DO INSERT INTO rooms (dorm_id, room_number) VALUES (7, CAST(i AS CHAR)); SET i = i + 1; END WHILE;
    SET i = 9201; WHILE i <= 9227 DO INSERT INTO rooms (dorm_id, room_number) VALUES (7, CAST(i AS CHAR)); SET i = i + 1; END WHILE;
    SET i = 9301; WHILE i <= 9327 DO INSERT INTO rooms (dorm_id, room_number) VALUES (7, CAST(i AS CHAR)); SET i = i + 1; END WHILE;
    SET i = 9401; WHILE i <= 9427 DO INSERT INTO rooms (dorm_id, room_number) VALUES (7, CAST(i AS CHAR)); SET i = i + 1; END WHILE;
END$$
DELIMITER ;

-- สั่งรันให้ระบบประมวลผลเพิ่มห้องทั้งหมดทันที
CALL AutoGenerateDormRooms();
DROP PROCEDURE IF EXISTS AutoGenerateDormRooms;

-- ========================================================
-- 5. นำเข้าข้อมูลระบบส่วนอื่นๆ (นักศึกษา/ทีมช่าง/รายการซ่อม)
-- ========================================================

-- ข้อมูลนักศึกษาตัวอย่าง
INSERT INTO students (student_id, name, phone, room_id) VALUES 
('66010001', 'นายสมชาย ดีเลิศ', '0812345678', 1),    -- ID 1 = ราชพฤกษ์ 1 ห้อง 101
('66010002', 'นางสาวสมศรี เรียนดี', '0898765432', 27); -- ID 27 = ราชพฤกษ์ 1 ห้อง 201

-- บัญชีล็อกอินเข้าใช้เว็บหลังบ้าน (รหัสผ่านของทุกคนคือ: password123)
INSERT INTO staff (username, password, name, phone, role, specialty) VALUES 
('admin', '$2y$10$mC7M6eTjEwRsh73Q8b8Kee3S9Z9O6u9N1C5hH2bU7mF9I8tH2gZ6y', 'ผู้ดูแลระบบกลาง หอพัก', '044000000', 'admin', 'ทั้งหมด'),
('tech_water', '$2y$10$mC7M6eTjEwRsh73Q8b8Kee3S9Z9O6u9N1C5hH2bU7mF9I8tH2gZ6y', 'ช่างสมบูรณ์ (ประปา)', '0821111111', 'technician', 'ประปา'),
('tech_electric', '$2y$10$mC7M6eTjEwRsh73Q8b8Kee3S9Z9O6u9N1C5hH2bU7mF9I8tH2gZ6y', 'ช่างทวี (ไฟฟ้า)', '0822222222', 'technician', 'ไฟฟ้า'),
('tech_build', '$2y$10$mC7M6eTjEwRsh73Q8b8Kee3S9Z9O6u9N1C5hH2bU7mF9I8tH2gZ6y', 'ช่างมานะ (ซ่อมสร้าง)', '0823333333', 'technician', 'ซ่อมสร้าง');

-- รายการอุปกรณ์ซ่อม
INSERT INTO repair_items_master (category, item_name, require_quantity) VALUES 
('ประปา', 'ชักโครก', 0),
('ประปา', 'มินิวาล์วน้ำเข้าชักโครก', 0),
('ประปา', 'สายน้ำดีชักโครก', 0),
('ประปา', 'ฝารองนั่งชักโครก (แบบวงกลม)', 0),
('ประปา', 'ฝารองนั่งชักโครก (แบบวงรี)', 0),
('ประปา', 'สายฉีดชำระ', 0),
('ประปา', 'ก๊อกเปิดปิดน้ำสายฉีดชำระ', 0),
('ประปา', 'ชุดฝักบัว', 0),
('ประปา', 'วาล์วเปิดปิดฝักบัว', 0),
('ประปา', 'อ่างล้างหน้า', 0),
('ประปา', 'ก๊อกน้ำอ่างล้างหน้า', 0),
('ประปา', 'สายน้ำดีอ่างล้างหน้า', 0),
('ประปา', 'สะดือทิ้งน้ำเสียอ่างล้างหน้า', 0),
('ประปา', 'ท่อน้ำเสียอ่างล้างหน้า', 0),
('ประปา', 'ซิงก์ล้างจาน', 0),
('ประปา', 'ก๊อกซิงก์ล้างจาน', 0),
('ประปา', 'สายน้ำดีซิงก์ล้างจาน', 0),
('ประปา', 'ก๊อกบอล', 0),
('ประปา', 'ก๊อกเปิดปิดน้ำเข้า', 0),
('ประปา', 'มิเตอร์น้ำ', 0),
('ประปา', 'อื่นๆ (อุปกรณ์ประปา)', 0),
('ไฟฟ้า', 'หลอดไฟสั้น', 1),
('ไฟฟ้า', 'หลอดไฟยาว', 1),
('ไฟฟ้า', 'เต้ารับไฟฟ้า/ปลั๊กไฟ', 1),
('ไฟฟ้า', 'สวิตช์เปิดปิดไฟ', 0),
('ไฟฟ้า', 'สวิตช์เปิดปิดพัดลม', 0),
('ไฟฟ้า', 'มิเตอร์ไฟ', 0),
('ไฟฟ้า', 'อื่นๆ (อุปกรณ์ไฟฟ้า)', 0),
('ซ่อมสร้าง', 'พัดลม', 0),
('ซ่อมสร้าง', 'เก้าอี้', 1),
('ซ่อมสร้าง', 'โต๊ะ', 1),
('ซ่อมสร้าง', 'เตียงนอน', 1),
('ซ่อมสร้าง', 'ไม้อัดรองนอน', 1),
('ซ่อมสร้าง', 'ฟูกนอน', 1),
('ซ่อมสร้าง', 'ตู้เสื้อผ้า', 1),
('ซ่อมสร้าง', 'ลูกบิดประตูห้อง', 0),
('ซ่อมสร้าง', 'ลูกบิดประตูห้องน้ำ', 0),
('ซ่อมสร้าง', 'อื่นๆ (อุปกรณ์ซ่อมสร้าง)', 0);



ALTER TABLE students 
ADD COLUMN role ENUM('student', 'monitor') DEFAULT 'student' AFTER phone;